{
    "Build a Web3 App with Solidity + Ethereum Smart Contracts": [
      "CH068b9c65-da16-4ae0-93cf-748655f464a7",
      "CH0155e1e0-4ed0-4e6a-ab40-07364fed4f8b",
      "CHb51f7d0f-8bf0-4fb2-bc4c-c8cfcfaf67ff",
      "CH8529bd36-cbb1-4088-a3ca-73c9cf93e855",
      "CH41136206-9e9c-4d6a-8ba5-1f4c0c601900",
      "CH84a20977-36b2-4a3e-8833-0753feac62cf",
      "CH67c5a0d1-f07a-4d9f-85b1-cbc0a21bffb4",
      "CH244bb09c-212d-4ddc-aea5-83486e34bc7b",
      "CH6ff98025-6104-44c5-8469-98680ddb98d6",
      "CH1f429d41-2a36-4a9e-894f-55cb962a0df2",
      "CH4de7fdc5-bf84-4a94-a130-012545ee702c",
      "CHf7d3f8a8-5ac3-4676-8fe4-220e8a755104",
      "CH6c84e3ea-6b71-4274-a642-e3aef6d7eb84"
    ],
    "Mint your own NFT collection and ship a Web3 app to show them off": [
      "CH5c3f978c-ffa3-4f53-942a-25d36adfd2be",
      "CH21b8c9cb-617a-4762-aef4-15147e15513d",
      "CHb9a3800b-4ea9-4e27-a605-9a4b086f53af",
      "CH126cf5d5-cc99-4774-88cf-1258ef9abf5e",
      "CHbdfb992f-80ca-44a4-b7f7-54bb0365ff50",
      "CH0ad72c36-fe23-4409-8c8c-9288649882a1",
      "CH42b124b3-5b74-4c8f-a0f4-122e8e662bea",
      "CH01082e0a-6ae1-423c-ad3d-192b606cc383"
    ],
    "Create your own mini turn-based NFT browser game": [
      "CHc278b0dc-90ae-4e60-8fa7-d6893aaa2aaa",
      "CHf8164866-ea18-4057-9583-768a2036ca30",
      "CHe260d7a4-bd66-4adb-a187-5f7027cb8db2",
      "CH24434950-69cb-44d5-b654-73bb45f8fce7",
      "CHd873c174-caaa-4d14-b9d6-e52dc0d54e59",
      "CHa0e63b7a-c8fe-486f-bc09-6a71f4c627f9"
    ],
    "Build a Web3 app on Solana with React and Rust": [
      "CH9be40837-dd03-4a80-9757-74af0224d35e",
      "CHbb8c4125-0380-4135-b109-8c57e26b4fca",
      "CH84ad53ba-8d33-48c6-a930-1107024b80d7",
      "CHff5d188f-a564-48fc-a584-dad9dab90176",
      "CHdd407686-6c7f-46b7-8aa0-c624596d36c0"
    ],
    "Ship your own custom NFT collection on Solana w/ Metaplex in a weekend": [
      "CH38412f17-fa73-49c7-b6e4-385c7d821b95",
      "CH92a9eeb2-7eaf-491a-8375-5316dbda2e01",
      "CHfb33ab6d-0da5-4076-a15c-a12035ee4368",
      "CH51a301f4-d55a-4c0b-84b0-ba41d1898465"
    ],
    "Build your own DAO with just Javascript in a weekend": [
      "CH4f447780-07cf-408a-8f4c-253a8b4e8bae",
      "CHb8f94f57-c6ed-40d8-be0c-3c75f04b6c3c"
    ],
    "Contributor": [
      "DDWINNER00",
      "CCWARRIOR01"   
    ]
  }